,REA_start_UTC,REA_end_UTC,d14C_meas_up_ppm,d14C_meas_up_err_ppm,d14C_meas_down_ppm,d14C_meas_down_err_ppm,CO2_meas_up_ppm,CO2_meas_up_err_ppm,CO2_meas_down_ppm,CO2_meas_down_err_ppm,DCO2_meas_ppm,DCO2_meas_err_ppm,DCO2_MGA_ppm,DCO2_IRGA_ppm,DCO2_lag100ms_MGA_ppm,DCO2_lag100ms_IRGA_ppm,DCO2_lag200ms_MGA_ppm,DCO2_lag200ms_IRGA_ppm,DCO2_lag300ms_MGA_ppm,DCO2_lag300ms_IRGA_ppm,DCO2_lag400ms_MGA_ppm,DCO2_lag400ms_IRGA_ppm,DCO2_lag500ms_MGA_ppm,DCO2_lag500ms_IRGA_ppm,DCO2_lag600ms_MGA_ppm,DCO2_lag600ms_IRGA_ppm,DCO2_lag700ms_MGA_ppm,DCO2_lag700ms_IRGA_ppm,DCO2_lag800ms_MGA_ppm,DCO2_lag800ms_IRGA_ppm,DCO2_dtrinse-4s_MGA_ppm,DCO2_dtrinse-4s_IRGA_ppm,DCO2_dtrinse-2s_MGA_ppm,DCO2_dtrinse-2s_IRGA_ppm,DCO2_dtrinse2s_MGA_ppm,DCO2_dtrinse2s_IRGA_ppm,DCO2_dtrinse4s_MGA_ppm,DCO2_dtrinse4s_IRGA_ppm,std(DCO2_var103)_ppm,std(CO2)_MGA_ppm,std(CO2)_IRGA_ppm,Comment
382,2022-07-14_08-33-00.000000,2022-07-14_08-33-00.000000,-14.221539492358271,2.579710838142394,-14.221539492358271,2.579710838142394,445.2731607735304,0.0384131072924282,441.46562076341695,0.0098412352331858,3.807540010113428,0.039653710075786,,3.408695510665382,,3.407081098997935,,3.404286065947872,,3.4011145311042696,,3.3950636955673303,,3.389342042470844,,3.3823618639515303,,3.375163511387086,,3.366256755026768,,3.371606101477824,,3.3899006223209653,,3.409574191493334,,3.3814611986758223,0.045990556509068733,,4.649693615361058,MGA7 not yet installed
383,2022-07-14_09-45-00.000000,2022-07-14_09-45-00.000000,,,,,436.777464905136,0.0433112689520369,433.36659937731145,0.027151596333814,3.410865527824569,0.0511182472480234,,3.296457232258092,,3.295470659581383,,3.2919813264851427,,3.287616508085023,,3.283560644903276,,3.2791979166382816,,3.274308566826619,,3.2709977501305616,,3.2684517073947177,,3.3235997631686587,,3.307449153440814,,3.302427407914479,,3.307214804997386,0.03604593812542057,,6.0265243467481255,"MGA7 not yet installed, no 14C data (sample lost during graphitization), stationarity test failed"
392,2022-07-14_13-05-00.000000,2022-07-14_13-05-00.000000,-14.202195692255447,2.468843808462131,-14.202195692255447,2.468843808462131,419.06868403136974,0.0424202828813971,418.86314863318427,0.0126258465684509,0.205535398185475,0.0442593764224917,,0.0683300524102605,,0.0668860453774868,,0.0632423362573035,,0.0603124019102665,,0.0582762199432522,,0.0564908551677376,,0.0541196928154477,,0.0521400270931167,,0.0503644859189194,,0.0664272906858514,,0.0673152591152188,,0.0668768488529281,,0.0655931577565525,0.0029986717210343035,,0.4075678391733222,MGA7 not yet installed
399,2022-07-14_23-20-00.000000,2022-07-14_23-20-00.000000,-21.323541273787665,2.306870993049636,-21.323541273787665,2.306870993049636,427.2509461296702,0.0160115866880918,426.843938505061,0.0104458969992181,0.4070076246092071,0.0191177318840011,,0.4018768048974266,,0.4016926879684774,,0.3985114912504741,,0.3961000404852939,,0.3936796348158395,,0.3920847081329839,,0.390632247294377,,0.3873905583399732,,0.3854367740512998,,0.4083042275191815,,0.4050996026949747,,0.4022657378393433,,0.402728392306642,0.01348355340560325,,2.0021006535808312,MGA7 not yet installed
402,2022-07-15_04-15-00.000000,2022-07-15_04-15-00.000000,-13.68045110553695,1.971472853859388,-13.68045110553695,1.971472853859388,431.5909247296345,0.0258969963472519,430.71171878661534,0.02457306477358,0.8792059430191443,0.0356999990500859,,0.8990755126001773,,0.8991846108675645,,0.8977365141618066,,0.8950372359169592,,0.8919087829364685,,0.8891601994977236,,0.886458308724059,,0.8829749306597705,,0.8798695491588546,,0.9073874947744685,,0.903696692326264,,0.9023626847636024,,0.9045268429714496,0.009486274346888401,,1.4393999814198868,MGA7 not yet installed
403,2022-07-15_05-30-00.000000,2022-07-15_05-30-00.000000,-19.329071921199706,1.8948177788614595,-19.329071921199706,1.8948177788614595,432.7647180070538,0.0162046366629886,432.4685143776076,0.0178523736890465,0.2962036294461541,0.0241101118975593,,0.2508278991767838,,0.2515911784921059,,0.2505210067707253,,0.2495060007304914,,0.2483776316751118,,0.2475458602463618,,0.2445419473846186,,0.2436022577194307,,0.2425053350012262,,0.2502990018857076,,0.2509503378807949,,0.2507513847934888,,0.2509570130615657,0.002421677638426253,,0.7596115538070105,MGA7 not yet installed
407,2022-07-15_10-28-00.000000,2022-07-15_10-28-00.000000,-16.532816230533932,2.257131676032293,-16.532816230533932,2.257131676032293,418.742776181235,0.0177333492056136,418.49480201935125,0.0286533330542727,0.2479741618837465,0.0336969608298332,,-0.2088176191435877,,-0.2093803612783631,,-0.2114336451454619,,-0.2132703990952222,,-0.2148771993193463,,-0.2168543142888666,,-0.2168613813004754,,-0.2187476598758735,,-0.2205493675816114,,-0.2091884902006882,,-0.2088551665644331,,-0.2079854122417828,,-0.2073119994079775,0.006324495452996567,,1.0722973194418337,MGA7 not yet installed
411,2022-07-15_14-32-00.000000,2022-07-15_14-32-00.000000,-11.933307920931169,2.1199307746444207,-11.933307920931169,2.1199307746444207,414.80671920277473,0.0142791962193714,414.289792647356,0.0224588158199722,0.5169265554187064,0.0266137906489613,,0.2177321524396234,,0.2157784113995831,,0.2123400932433128,,0.2090723696786653,,0.2059246021944432,,0.2027132698745504,,0.1995631337111376,,0.1968001002372261,,0.1944942184381375,,0.2174174737264707,,0.2173924702096883,,0.2179093889181445,,0.2182010626446526,0.005774552710153924,,0.584018290172354,MGA7 not yet installed
412,2022-07-16_14-30-01.667000,2022-07-16_14-30-01.667000,-12.35180343919351,2.0023190119407515,-12.35180343919351,2.0023190119407515,410.2798117618376,0.0157344703635123,409.889239579948,0.0218868976832845,0.3905721818895813,0.02695570158276,,0.2340726888762674,,0.2333280875691912,,0.2327746742859631,,0.231634983899255,,0.2302700920799338,,0.2286821474900193,,0.2274900707938627,,0.2265158624023797,,0.2254054806827525,,0.2339307973246036,,0.2339802531377017,,0.2340907781043029,,0.2342244843125058,0.0011280461692412386,,0.5416419615902347,MGA7 not yet installed
414,2022-07-16_16-27-06.315000,2022-07-16_16-27-06.315000,-16.499905355152332,1.948508449862744,-16.499905355152332,1.948508449862744,410.35260897753056,0.0385300860668108,409.69274292067473,0.018542154998635,0.659866056855833,0.0427595491593311,,0.4581592276473429,,0.4576205096717558,,0.4550453848103757,,0.4516321660335052,,0.4494638946767963,,0.4444227785028829,,0.4454713813995568,,0.4421907135151173,,0.4411130314455818,,0.4586464967295569,,0.4583607606642772,,0.4583879556896022,,0.4588323990518006,0.0019111820956598522,,0.5619409710745319,MGA7 not yet installed
417,2022-07-18_14-07-00.000000,2022-07-18_14-07-00.000000,-19.09254785119774,2.4563631497819327,-19.09254785119774,2.4563631497819327,417.49988329436405,0.0080131487137263,416.6934129693074,0.0301569363371006,0.8064703250566367,0.0312033870204539,,0.814967531194327,,0.8136325289879096,,0.8103229616621093,,0.8055752633351858,,0.8016586723330192,,0.7993656724942753,,0.7940588774882258,,0.7910824277799406,,0.7880328985823439,,0.8149817113744575,,0.8149817113744575,,0.8135479123762934,,0.8108428350780059,0.005666032685694991,,0.6983820597428362,MGA7 not yet installed
429,2022-07-20_04-26-00.000000,2022-07-20_04-26-00.000000,-39.20724762197614,1.832587781769476,-39.20724762197614,1.832587781769476,500.36825477077576,0.0335018075234734,493.261882655957,0.0195002614659083,7.106372114818782,0.0387637885735985,,7.601423473659281,,7.605364059339479,,7.607944697331618,,7.607238530657014,,7.606593299848839,,7.606833013772132,,7.606473618068492,,7.606097693287495,,7.603621445762428,,7.609543053002142,,7.601423473659281,,7.600840170507297,,7.598662693621634,0.045335858434615586,,10.167277607544268,MGA7 not yet installed
436,2022-07-22_13-59-58.715000,2022-07-22_13-59-58.715000,-12.359030148675233,1.833959678195476,-12.359030148675233,1.833959678195476,420.4489429863584,0.0282752274545616,420.0836648979392,0.0378578036660618,0.3652780884192452,0.0472514739032051,,,,,,,,,,,,,,,,,,,,,,,,,,,,,,"MGA7 not yet installed, low IRGA signalstrength, no IRGA flux data"
444,2022-07-25_09-19-55.015000,2022-07-25_09-19-55.015000,-6.373872761672228,1.861620333778765,-6.373872761672228,1.861620333778765,426.1756732448116,0.0334815283749218,425.05779453909526,0.0149435087565551,1.1178787057163504,0.0366649859713314,,1.003100095761397,,0.9985404305485304,,0.9902752245755552,,0.9826802393189382,,0.9741754190077928,,0.966323625547318,,0.9586097435673082,,0.9524112016190998,,0.9467026373303612,,1.0099420107077322,,1.003100095761397,,1.005421968911321,,1.0084610272858754,0.026832016525489756,,4.139502241044865,MGA7 not yet installed
449,2022-07-25_15-37-55.515000,2022-07-25_15-37-55.515000,,,,,411.94678587903167,0.0149212961600578,411.6949771529587,0.0245823621086575,0.2518087260729658,0.0287565228415626,,0.2674983882131982,,0.2652104044579459,,0.2549157646874391,,0.2457471902658312,,0.2354959077898684,,0.2285085777069184,,0.217984571101681,,0.2094262740947101,,0.2006564099641536,,0.2682740797805536,,0.2675377707384427,,0.2659345461855196,,0.2636639967262226,0.003298653636029613,,0.4426063278596548,"MGA7 not yet installed,  no 14C data (sample lost during graphitization)"
451,2022-07-26_09-36-54.615000,2022-07-26_09-36-54.615000,4.25751626186921,1.9,4.25751626186921,1.9,413.9039788878495,0.0100703235859954,413.43486765000745,0.0207409914274131,0.4691112378420712,0.0230564555497734,,0.1007575393149409,,0.0996053868832405,,0.0965928518693317,,0.0938792306536697,,0.091931698662222,,0.0893374075701558,,0.0878464795663376,,0.0852060417618645,,0.0828506685365368,,0.1005349863269771,,0.1007575393149409,,0.1008130969194098,,0.1012230567448568,0.0066535533238060015,,1.0722640278907831,MGA7 not yet installed
456,2022-07-27_06-09-53.965000,2022-07-27_06-09-53.965000,-3.530956336245117,1.979796340890968,-3.530956336245117,1.979796340890968,423.09238809274666,0.048461396883559,422.2795062013533,0.0356536324086576,0.8128818913933742,0.0601638470498479,,0.756511295988048,,0.7557212665709585,,0.7494909397389051,,0.7440669599189391,,0.7395442077126404,,0.7325475762331735,,0.7274174074860866,,0.7245719205365049,,0.7209103754634043,,0.758684927972638,,0.756511295988048,,0.7545669922423599,,0.7491498354843316,0.011392698040996845,,1.9747550274842691,MGA7 not yet installed
477,2022-08-01_11-05-02.665000,2022-08-01_11-05-02.665000,-5.045537129646949,1.897908103985977,-5.045537129646949,1.897908103985977,417.04333545484434,0.0296020742724348,417.29771561214096,0.0123629125908741,-0.2543801572966231,0.0320799689675713,,-0.908587795704193,,-0.9097296962296468,,-0.9130655054261752,,-0.9159668472516388,,-0.9179477094786536,,-0.9199953379124964,,-0.921110712098141,,-0.9236899010735442,,-0.9245485216158044,,-0.9081132606800112,,-0.908587795704193,,-0.905251409528887,,-0.9028625268595648,0.015538647616037817,,1.4272209927385435,MGA7 not yet installed
479,2022-08-15_07-50-00.515000,2022-08-15_07-50-00.515000,-9.93168784646825,1.9,-9.93168784646825,1.9,426.5109182316438,0.0198724976259854,425.45810843426176,0.0064581185094934,1.0528097973820536,0.0208955367621283,0.9686193052439194,0.8241639135961805,0.9645662155535888,0.8209424096596081,0.9586173265219032,0.8174541916742442,0.9544111183414544,0.8150861208569609,0.9522635016407436,0.813447849219699,0.9504166569446966,0.8100769132016694,0.9513222226055404,0.8091676882013985,0.9430982772132666,0.8064085790242075,0.9434368788571988,0.8023630207746919,0.9686193052439194,0.8241639135961805,0.9686193052439194,0.8241639135961805,0.968346589144744,0.8247087599651195,0.968580393349214,0.825443731409166,0.006435735953139106,1.3753500048099143,1.324854855316906,
502,2022-08-21_11-15-00.165000,2022-08-21_11-15-00.165000,-14.353535301626753,2.5134006319593567,-14.353535301626753,2.5134006319593567,422.99239707760506,0.0380817523787006,422.1199376677053,0.011061568520609,0.8724594098997613,0.0396557456413165,0.5846432589042365,0.2253874134808029,0.5848294727594521,0.2242881039035751,0.5857636558293962,0.2218097939517065,0.5837177559762381,0.219867268993255,0.5857940696453738,0.2194405719603196,0.5865473617497514,0.2171318755449647,0.5869294873848503,0.2154236841271881,0.5904397746358541,0.213150041028939,0.588258064146487,0.2111460404337322,0.5860604797425708,0.2269612435383123,0.5860604797425708,0.2269612435383123,0.5872658459755371,0.228039957440103,0.5891244430215465,0.230477570414564,0.021370442551820176,2.79106451415047,3.2046509870040256,
511,2022-08-22_14-40-00.815000,2022-08-22_14-40-00.815000,-14.419600907256246,2.394572501460538,-14.419600907256246,2.394572501460538,416.045291509667,0.0246669476806951,415.31960963436666,0.0187420407042523,0.7256818753003245,0.0309793866569691,0.6676897492773151,0.6524855494365625,0.6699326620060901,0.6523868955249554,0.6750548053439616,0.6479527507637499,0.6664792926608243,0.6450387255770238,0.6707003996266963,0.6414422759993386,0.6635335776272768,0.6377363794677535,0.6592961349404618,0.6319189921115935,0.6494123895232065,0.6275456400003918,0.6478428412793278,0.6227187092822533,0.6678501926248828,0.6525808527466666,0.6676897492773151,0.6524855494365625,0.6665730729411621,0.6522962470820062,0.6653653521286174,0.6525153214533361,0.003273916137681594,1.1037550385749313,0.7726107812178682,
517,2022-08-25_06-44-59.465000,2022-08-25_06-44-59.465000,-32.1455849093033,2.186108569293372,-32.1455849093033,2.186108569293372,461.55178132858725,0.0246316307087653,459.6140322966797,0.0329028199694412,1.937749031907572,0.0411012505079158,1.9471988240220528,1.8372322677923307,1.946301996779482,1.8348611192080284,1.9416985988960391,1.83317957513134,1.9369581055819936,1.8296247345494976,1.934659705468676,1.8255554724590863,1.9313589434856908,1.818108118921544,1.9286066777287367,1.8104173852352687,1.919935161791443,1.805626805573752,1.913326557141204,1.8009434578601713,1.9471988240220528,1.8372322677923307,1.9471988240220528,1.8372322677923307,1.925286886606841,1.8154756391748488,1.8934169204538875,1.782116672599841,0.035415054945115675,3.954883231712047,3.898699070355992,stationarity test failed
530,2022-08-29_06-29-55.165000,2022-08-29_06-29-55.165000,-30.66544046184172,1.9017053950802585,-30.66544046184172,1.9017053950802585,462.2711693848413,0.0150751780477951,458.2666367974275,0.0366881989139549,4.004532587413792,0.0396646559637499,3.886881163450539,3.989924244619431,3.89176490929043,3.991858952349105,3.9031493883395,3.9906947836244058,3.90043013912225,3.987598218080677,3.897016900514189,3.984961620217234,3.889751818284253,3.9844552341247095,3.883855743495303,3.983785094294774,3.885194594862412,3.980732243213765,3.886999871993055,3.977195512832736,3.907783347650536,4.012847417135845,3.897028561908087,4.001170703084313,3.869922666738546,3.972416573094449,3.8539854410728367,3.95501414577268,0.04032453051854775,5.149216263315348,5.359755175596276,
541,2022-08-31_14-59-52.715000,2022-08-31_14-59-52.715000,-14.244719574065256,2.368092307358084,-14.244719574065256,2.368092307358084,417.84782326884846,0.0171276355868014,416.208043076161,0.0308773669039394,1.6397801926874536,0.0353095976713804,1.5472828654530415,1.4895507552041636,1.5531258797896044,1.4878992003313556,1.5385800972405832,1.4810401091270364,1.529161687268072,1.4715848602217534,1.5158865553106011,1.4619507683804611,1.5099081443667046,1.4522589372673451,1.504395380223741,1.441997393565316,1.4822808123168445,1.4321051082347935,1.4660342550280347,1.4223488931760355,1.5487188590697087,1.4914329140339078,1.5479442779305828,1.490269331708873,1.5458237442331324,1.4890062319652202,1.541578525407374,1.4853918351347488,0.013695215396810864,1.5985558321294655,1.3215494560015133,no 14C data (sample lost during graphitization)
542,2022-09-01_05-30-00.315000,2022-09-01_05-30-00.315000,-22.473065959609848,2.225177460888067,-22.473065959609848,2.225177460888067,444.3039437614327,0.0295843794819891,442.995254217998,0.0232795746989556,1.3086895434346957,0.0376453729892345,0.861579040359004,0.8359365157785419,0.86427631349693,0.8394816458119863,0.8641585432231977,0.8351746024746944,0.8608906699964791,0.8301039483232557,0.8467709624516715,0.8214420399658593,0.8316372693284961,0.8081815060158419,0.8369357968473423,0.7989853113396634,0.8229897096427408,0.7885068564682456,0.8049751065228747,0.7763763196077207,0.8768947279752979,0.8525257078358095,0.8696527796303712,0.8448796146349196,0.8527019699208722,0.8273720029129095,0.8428363311471117,0.8179395329404429,0.016728429097988516,3.65253880373913,3.643183446000911,
545,2022-09-02_13-00-00.865000,2022-09-02_13-00-00.865000,-25.110402289799328,2.1413777714678064,-25.110402289799328,2.1413777714678064,427.9885461475433,0.0329100736484314,427.99276781534167,0.0097928890478123,-0.0042216677983901,0.0343361853362883,-0.0166727262212589,-0.6029627197486889,-0.0131833472107132,-0.6055380789820219,-0.0198418767935777,-0.6083804142477334,-0.0150401347073625,-0.61168270725301,-0.0183051978812613,-0.6132852681350869,-0.0170149771862497,-0.616266168508389,-0.0158512291438341,-0.6176214282166939,-0.0139123308400712,-0.6205169732444915,-0.0184400062922804,-0.6216827361407695,-0.0203242950133812,-0.6049629826858336,-0.0186326240355469,-0.6040162841014194,-0.0145723439961216,-0.6003938690853374,-0.0103401617239455,-0.5963335859793801,0.011004861566214089,1.3164077886086534,1.1813608764496342,
564,2022-09-07_12-45-00.265000,2022-09-07_12-45-00.265000,-20.672927389790985,2.248160575348797,-20.672927389790985,2.248160575348797,421.7836583163983,0.0250951762031638,421.045353590828,0.0082885633570619,0.7383047255703445,0.0264285480341215,0.5630019282758667,0.1679523751237752,0.5676728214950231,0.1673394455984862,0.5652931663778986,0.1640453791457048,0.560089074214261,0.1610670407739576,0.561821320640945,0.1575777697124181,0.5630693898520462,0.1544122286748006,0.5587656986594425,0.151085232287528,0.5523594944323236,0.1469254657102965,0.5488841704677725,0.1414298575350017,0.5770467467951335,0.1846878393982365,0.5694631595219448,0.1755567357569134,0.5712285070475218,0.1778840518895208,0.5802030108920917,0.1873013608931728,0.023990237512023643,2.6917878944534177,3.046986155533517,
586,2022-09-12_09-14-57.115000,2022-09-12_09-14-57.115000,-30.46642654105713,2.708386856857579,-30.46642654105713,2.708386856857579,452.2096558793127,0.0404560956538306,449.69451261349286,0.0488865245627776,2.5151432658198587,0.0634554013412487,2.392963371099881,1.6451739144748103,2.3922156410532125,1.6427410832146734,2.3947745197916674,1.6405602943804638,2.394893128832962,1.638271012185328,2.3920431154676294,1.636236061377076,2.390548557320926,1.634637393879757,2.3881831054089275,1.6345555147403277,2.3958621138413605,1.6332432599739375,2.390892430170993,1.632321157761396,2.3935262674588103,1.6456438925478665,2.392963371099881,1.6451739144748103,2.4004030273121657,1.6534922606995224,2.408527215815866,1.6618760621103092,0.03981967156773431,4.125282604569463,3.969608031688245,
590,2022-09-12_14-35-00.715000,2022-09-12_14-35-00.715000,-13.11462241567607,2.2944560602748023,-13.11462241567607,2.2944560602748023,419.2298118155946,0.0173858270281486,418.33748514295394,0.027570142072369,0.8923266726406496,0.0325941668913827,0.6709692433823307,0.616274207923766,0.668361076407507,0.6150578409474292,0.6648711475015716,0.6115465696898923,0.659463375237408,0.6072313696947162,0.6573849296428307,0.6037810614674868,0.6524653955095232,0.6001968628117424,0.650709196119692,0.5986824447417689,0.6504770640636366,0.5968819233227123,0.654306287688371,0.5944803827648002,0.6724225479925963,0.6192046766669819,0.6711845453182832,0.6168084440492407,0.6707029501017132,0.6159422596896889,0.6703477437210381,0.6158544631226732,0.005496359145775613,1.1579688101355436,1.0739489475229511,
591,2022-09-13_05-29-59.765000,2022-09-13_05-29-59.765000,-53.230274822206106,1.8779907773444224,-53.230274822206106,1.8779907773444224,487.016262239573,0.0323299171480465,479.82268889462506,0.0477982724949384,7.193573344947936,0.0577052718241577,6.993806276109865,7.37639766148385,6.996121842683181,7.384533375197293,6.969178048488914,7.339828230689818,6.941770353634297,7.276976228192382,6.900318126367097,7.224446701749798,6.848248897316864,7.173829360114212,6.790982873061296,7.115743184309451,6.728509984908271,7.067088481772657,6.68032126373123,7.017432709892319,6.98655593403214,7.367489001085062,6.991047382452905,7.372652101676977,6.999401629680278,7.379736736389759,7.006095692340978,7.385880837945308,0.05244238786751574,10.228927358337693,10.84417095404469,
593,2022-09-14_09-59-58.865000,2022-09-14_09-59-58.865000,-11.962753814767414,2.0704899676908264,-11.962753814767414,2.0704899676908264,425.154710142547,0.0106349940742995,424.5789147849984,0.0229040184346712,0.5757953575486567,0.0252526663823079,0.5246681845005696,0.4961072596157123,0.5248628386310656,0.4955304354962209,0.5274396154064789,0.4900113139785844,0.5253164680304963,0.4854123887656669,0.5297834470139833,0.4806568356541447,0.5314176732301803,0.4768537386698313,0.5260572562451671,0.4747006050596383,0.5233318458193139,0.4705110045303513,0.5118385491432491,0.4682825215983257,0.5244393230502737,0.495433789612548,0.52464981238262,0.4956448900879309,0.5263117093208507,0.4979085673943473,0.5271094226002333,0.4995054100737093,0.003765279792398862,1.0883113766902182,0.7804077171705845,
600,2022-09-18_08-59-54.965000,2022-09-18_08-59-54.965000,-5.553419487318911,2.100406349699093,-5.553419487318911,2.100406349699093,412.90601215821096,0.019314354754499,412.2577677090324,0.0289100228172984,0.6482444491785486,0.0347682861078792,0.6506189685740651,0.2877066292408017,0.6489262931019084,0.2870942365372002,0.6432281570392888,0.2840150291829104,0.6375709052553589,0.2809192261859152,0.6345204794202459,0.2774833932689944,0.6332654964244853,0.2750319450422012,0.6316005652982994,0.2719778943756523,0.6320035177571413,0.2691811086404527,0.6363378305719039,0.2663565389639757,0.6500926815401726,0.2879030070511135,0.6503479277985775,0.2877996272650875,0.6531705090025071,0.2891317701848379,0.6558570996932076,0.2907287272432199,0.005360655294085331,1.070853764878588,0.7509675166360313,
613,2022-09-21_05-29-47.065000,2022-09-21_05-29-47.065000,-22.091087007727,2.0456249997190405,-22.091087007727,2.0456249997190405,439.4748753434751,0.0180029993596499,437.4939894721558,0.0160980296925894,1.980885871319288,0.0241506634676367,1.776335952000352,1.90236924771034,1.7716462268430178,1.897834606097149,1.7671651323095148,1.891518219834552,1.762486901383113,1.8869554066551475,1.761182541923631,1.882612951007616,1.7606420688522348,1.882706741540744,1.7583416067504345,1.882499532111865,1.7542043999639532,1.8788360470259704,1.749533375970998,1.875485867782288,1.7751275182922654,1.9011363233080367,1.776335952000352,1.90236924771034,1.7769261700983066,1.9035834599540635,1.7770338834495192,1.9056604987385413,0.008484819708248104,2.424475861447968,2.428956469275474,
623,2022-09-22_13-14-52.865000,2022-09-22_13-14-52.865000,-22.25265537717025,2.089214945704037,-22.25265537717025,2.089214945704037,418.381516523621,0.0305929427456309,417.2678008488821,0.0301264957597289,1.1137156747388983,0.0429363935676765,0.8824817789013082,0.5878630582185451,0.880834230672292,0.5863974509186392,0.8786064352764242,0.5842237371912802,0.879298682142803,0.5823362947990063,0.8772250004560078,0.5804289456228844,0.8753233160342688,0.5802682906402197,0.8772327748200155,0.5747174934773511,0.8725060729045708,0.5724557081297803,0.8707927796911008,0.5697107542781055,0.8746515684622409,0.5798420356955489,0.8782637963054185,0.5833924153365047,0.8794650287179593,0.5845515639288124,0.8769744105114796,0.5822783278138104,0.01920976265271461,2.17711430676103,2.2154209158992364,
636,2022-09-26_09-44-41.065000,2022-09-26_09-44-41.065000,-13.854116431607055,2.0649084121026817,-13.854116431607055,2.0649084121026817,424.5976578578354,0.0197417487178861,423.7415208527655,0.0125856554302461,0.8561370050698542,0.0234122908970702,1.0779249673956317,0.4781046369210457,1.077153344188048,0.4753235100728261,1.069441141271284,0.4694724767700791,1.0648342673782167,0.4645558525335218,1.056836169911719,0.4572233360018458,1.047137160674481,0.4465019274801989,1.037455028208285,0.4410092138701316,1.0306726153542058,0.4343709229601131,1.025879443885401,0.425199574605017,1.0888241159345853,0.4970170855267497,1.0830621064444583,0.4875257097239682,1.0797660913423783,0.4829809998954033,1.0832009772225888,0.488610403752034,0.013307212396541018,2.6168850286502563,4.411246208637891,
669,2022-10-04_13-29-19.315000,2022-10-04_13-29-19.315000,-35.7633258789869,2.273049942300039,-35.7633258789869,2.273049942300039,434.66027249733855,0.0133270729164487,431.8553868112145,0.0133677942300687,2.8048856861240665,0.0188761435441087,2.6330459864029763,1.9469452269977976,2.633077224645604,1.9483964052756164,2.6307673118941466,1.9486692856478955,2.629648615295708,1.9484875429870383,2.631072539638126,1.948031856330715,2.6349896991076207,1.947885791232068,2.6328837532874445,1.9470286016472755,2.632448010805888,1.9455936265731568,2.630142254396617,1.9447201206417049,2.645492193102428,1.9570532831372127,2.63927940075314,1.9519365078157875,2.633897305014443,1.9461973853622112,2.634144077159021,1.9454437836433272,0.011974225844708626,2.6289264803124683,2.4582406196288176,
675,2022-10-05_10-44-15.965000,2022-10-05_10-44-15.965000,-19.63308765531091,2.130451657045699,-19.63308765531091,2.130451657045699,429.7583758887663,0.0228595350899373,427.7550508726192,0.0511069417250058,2.0033250161470733,0.0559864076094476,1.88772414640016,1.6872902224145605,1.887106696233218,1.6846706443745347,1.881327557996201,1.6777012364785264,1.872788536702501,1.6680390528218254,1.8693626867567448,1.6592270107285003,1.8674708404990383,1.651952731560982,1.8618721470105013,1.6431287996582569,1.8599513636748952,1.6374215148993585,1.859082287608146,1.631223823894345,1.887675471418845,1.6873288082477984,1.887675471418845,1.6873288082477984,1.883756462241536,1.6844083790973627,1.8778147230357831,1.6796879501363264,0.01993269521981684,4.480986751977757,4.363094174566313,
677,2022-10-06_06-59-13.565000,2022-10-06_06-59-13.565000,-47.39831031310816,1.9455782222022608,-47.39831031310816,1.9455782222022608,466.7065489970641,0.0371574617329446,462.66886258296296,0.0520904781487434,4.037686414101131,0.0639851144892306,4.085323750708596,3.86393450772988,4.089450520412868,3.873351187914579,4.081428366517912,3.866542920932943,4.075724509138411,3.863827639993758,4.069896165917612,3.861537373723934,4.057709635166589,3.8460220450597262,4.049238697397811,3.833889619768797,4.044809010373967,3.820219119286151,4.027381645961498,3.8083867633694126,4.085323750708596,3.86393450772988,4.085323750708596,3.86393450772988,4.085210648534769,3.864008918399066,4.074496931946783,3.853019106608258,0.013428603582088246,4.557613500948514,4.567071853124705,
694,2022-10-09_06-59-05.165000,2022-10-09_06-59-05.165000,-17.13151604134422,3.2779672311182773,-17.13151604134422,3.2779672311182773,437.75745153458433,0.0047592285662707,436.89485419380753,0.0364653062680427,0.8625973407768015,0.0367745675401922,0.8831207872196387,0.8752174317793902,0.8776331960258972,0.873619760141878,0.8708563098811624,0.8693908122081098,0.8621885272695522,0.8635686226220969,0.8562892289686488,0.8580301476322916,0.851579522537179,0.850875421385183,0.8503564560901395,0.8439054023598942,0.8424958261794018,0.835249564460014,0.8332869745831317,0.8273965952530489,0.8832123374352818,0.8753031609065829,0.8831207872196387,0.8752174317793902,0.8818025356403609,0.8728549509711456,0.8826363549659959,0.8726323240132388,0.005404291557544451,1.3548142462205803,1.1374232833810478,
700,2022-10-10_10-29-02.915000,2022-10-10_10-29-02.915000,-34.09969437362093,1.818330892087206,-34.09969437362093,1.818330892087206,447.0667895465928,0.02197047893898,443.7107587712274,0.0324421132933329,3.3560307753654115,0.0391815346782845,3.451786388702885,3.641599661191094,3.444894604597323,3.6409609955503015,3.4476469263818785,3.638347836509922,3.450242234036012,3.6358979315945694,3.437147334494739,3.6330574023519375,3.430841917273028,3.627483507251668,3.425877172042817,3.621010591382969,3.4202467677816344,3.613171005662936,3.413793514531676,3.607858622618778,3.4388834882901165,3.627461003381313,3.446968516310335,3.6355669550941343,3.457522713625565,3.644145223557871,3.4590969559094447,3.643622343955713,0.025725379248221967,3.2508357539830524,3.508457753592749,
710,2022-10-13_06-43-53.965000,2022-10-13_06-43-53.965000,-36.05869906317072,1.9,-36.05869906317072,1.9,466.1189428856612,0.0161241870155837,464.15111863646064,0.0358427876040994,1.9678242492005893,0.039302605895107,,2.182936171140057,,2.129386466105416,,2.065010172527991,,1.9990988488210064,,1.92498319909447,,1.8556931687514864,,1.7836305305757492,,1.7170139745453523,,1.6613317721266867,,2.1985675865055896,,2.1957604310808847,,2.1806331981659923,,2.1741735071317976,0.01878141254332562,,5.247055416556163,MGA7 outage
719,2022-10-15_08-28-48.315000,2022-10-15_08-28-48.315000,-10.741271402359365,1.782284663309454,-10.741271402359365,1.782284663309454,423.5400891495312,0.0367636238156872,423.437369352292,0.0068036109789579,0.1027197972391604,0.0373878744837729,0.1089234319629781,0.031129282525967,0.111163009476229,0.0305143309295772,0.1086462374761367,0.02564976202666,0.1086625338607518,0.02094070595939,0.1074510041441954,0.0171726073106697,0.1062460639138862,0.0134247639430213,0.1122669995206138,0.0105875601291245,0.1143529847945501,0.0073499649222981,0.107289879959012,0.0057036864275232,0.1133461366706001,0.0360982149887263,0.1108007141961593,0.0336427049716121,0.1080813129204898,0.031060444790512,0.1077007502441915,0.0305875582425869,0.005836841259550742,1.0821034835374024,0.8325643132764523,
736,2022-10-19_11-43-37.265000,2022-10-19_11-43-37.265000,-21.62322717160503,1.789665943467112,-21.62322717160503,1.789665943467112,452.0764327661173,0.0247664684057776,450.9032443923168,0.0374677672705364,1.1731883738004854,0.0449133782021956,1.2245667530876858,1.0477430177391511,1.2241384373073745,1.0479886887789576,1.2264938606878673,1.0437101455403877,1.2240723543174568,1.0396743989477957,1.2183812267210214,1.0336421785548282,1.218433499807361,1.028239707727835,1.2148512994168073,1.0229616753910022,1.2096616034878025,1.0165472015641512,1.2086205628139624,1.0111441734275104,1.2261889258167002,1.0491102232476237,1.224915773815951,1.0480422774041358,1.2211360900669206,1.0450868889938647,1.2184512157124343,1.0426235144858538,0.007979892182339913,2.0849857041243154,1.6733065856187483,
738,2022-10-20_07-28-33.715000,2022-10-20_07-28-33.715000,-31.507146123013527,1.7829470454536478,-31.507146123013527,1.7829470454536478,457.1016898173641,0.0337228761656449,456.44380514870886,0.0219841474931608,0.6578846686552424,0.0402558706014969,0.1659041677082768,0.6224845943408468,0.1627520075093116,0.6213541212015343,0.1625185820749948,0.6177008469596217,0.159374620491576,0.6131010779615735,0.1564949280073051,0.6096795303049021,0.1526117178835306,0.6047485819568692,0.1468467299146709,0.6031405802604013,0.1489826656076047,0.599038471169024,0.1506446319580732,0.5954471827902239,0.168082736683516,0.6237102102160748,0.1671467274626366,0.623306693481652,0.1620055464489382,0.6176518200779242,0.1570405855290459,0.6111923770797034,0.005740926745296929,2.022304346339876,1.7719474090630165,
746,2022-10-22_14-15-00.165000,2022-10-22_14-15-00.165000,-18.507215007077747,1.88221931552986,-18.507215007077747,1.88221931552986,424.9422164154976,0.0430123833714178,423.835762348271,0.0439612659883629,1.1064540672266503,0.0615033172324014,1.0288216096562337,0.9970521014599284,1.0212500481669051,0.9906005087267432,1.0152263152513683,0.9811066790184668,1.011245114099495,0.9700376470325978,1.0079249723037265,0.9580991082785316,0.9966255082698012,0.9476785094468596,0.9913218449279952,0.9347534239724952,0.9858882839783404,0.9206995322486478,0.981527543089328,0.9083804482821732,1.0289962152177168,0.99716915646934,1.0288835244843426,0.997085136403598,1.0303584038923077,0.9983803354538168,1.032720450368629,1.0022222057156682,0.007324076907661146,1.6591940448974076,1.6246337906050416,
1060,2023-02-10_09-15-00.015000,2023-02-10_09-15-00.015000,-152.3627324172704,1.666911296589,-152.3627324172704,1.666911296589,536.3741039739484,0.0611178352736747,528.031490299818,0.017964392976911,8.342613674130462,0.0637032903668949,7.7097443153959375,6.8196954733524535,7.726101181310355,6.832529387981992,7.746515223613187,6.84029380701088,7.75843874941404,6.845456959894818,7.774869264274912,6.852028677867111,7.784558135336056,6.857873900230686,7.795168130658112,6.861367692423869,7.804600990629979,6.871839251395386,7.808680627597255,6.879735205492295,7.617114959057517,6.733853535183528,7.66694243757172,6.779617313249105,7.73052267281173,6.8450957422511465,7.778275356065592,6.891078011791024,0.17443643982357243,15.526418077667014,14.542364996081854,
1064,2023-02-13_06-00-00.415000,2023-02-13_06-00-00.415000,-52.60906979297963,1.205763132363,-52.60906979297963,1.205763132363,460.8117907684608,0.0178456801496832,455.3817391457493,0.0291967801337728,5.430051622711517,0.0342187122812163,5.6917306100882,5.325782994823328,5.671939973345786,5.292084370652958,5.652472519814921,5.252342570437463,5.625742364227563,5.216975384677312,5.590430037689714,5.181807519046686,5.557490550139391,5.154749453307488,5.529195013274148,5.125323260175151,5.514698385644522,5.106203099959146,5.503033436298949,5.096510564692153,5.713881054784679,5.346262382410316,5.7049404798519845,5.337961663015221,5.685583424414347,5.320213549222217,5.676506315399365,5.311786610781041,0.09214272694933728,9.526288594385058,8.978650362881245,
1065,2023-02-13_07-20-00.815000,2023-02-13_07-20-00.815000,-57.91657014188522,1.9,-57.91657014188522,1.9,462.2284340269625,0.0579481155521762,453.661388183164,0.0352223996756933,8.567045843798496,0.0678129894265298,8.523347599624174,8.255661355271798,8.513790212226581,8.269532541969056,8.504704018687221,8.273058310039062,8.486770419351899,8.28338473378136,8.468133023316398,8.243806145221129,8.455179753730818,8.195581168715705,8.437508705824825,8.15791179074887,8.421628809248887,8.154986921953935,8.40930956000858,8.168191334810956,8.52417053093609,8.25645142504726,8.52333610503041,8.2556586464774,8.526893500662652,8.258540619972166,8.528910916034022,8.261108222043674,0.06389952223276198,16.742166423822407,16.382817171637793,
1066,2023-02-13_10-00-00.365000,2023-02-13_10-00-00.365000,-59.81621394428094,1.187437779158,-59.81621394428094,1.187437779158,462.463648859424,0.0299170220203169,457.54193942968885,0.0262966489921932,4.921709429735131,0.0398314191911704,4.980189437881165,4.6005934717464925,4.981195819026198,4.59242925686749,4.981336123383585,4.578785936228769,4.978421753760699,4.564970750365944,4.967146512435193,4.565421017130177,4.953648586962515,4.543402627503099,4.93055868107399,4.524481828281239,4.908113483570048,4.485720502113679,4.8831829966969735,4.459122924360258,4.978545234107969,4.5952628207462,4.979086796664035,4.597048866222565,4.979306127301129,4.599923286017599,4.979212733114537,4.599948453642298,0.013742377834694909,7.939585762664073,7.767014753119344,
1067,2023-02-13_12-00-00.665000,2023-02-13_12-00-00.665000,-68.18035360052144,1.199872924779,-68.18035360052144,1.199872924779,467.9818144581948,0.0476124713534743,461.9652336814032,0.0450711272530771,6.016580776791557,0.065561832953697,6.127432654890015,5.412482154758152,6.116878443514679,5.402010113144286,6.110827617548921,5.389182660101028,6.096890569378616,5.367845643659621,6.085936018076609,5.346387563222208,6.067328123140214,5.322041786148645,6.052840326324599,5.29897794393878,6.036122903839953,5.2819233571923405,6.017152536780827,5.267413447311924,6.129164202488312,5.41482128997211,6.12875846231816,5.414489497596037,6.100873067315433,5.383550730434422,6.082290597966107,5.364077296838673,0.017622122311514218,7.620694079873752,7.559263831167088,
1068,2023-02-13_14-00-00.465000,2023-02-13_14-00-00.465000,-69.57213228060843,1.9,-69.57213228060843,1.9,468.386101991207,0.0311024126169681,465.49910185669086,0.0247621385334453,2.8870001345161427,0.039755799266845,2.845076706043187,2.14106681619046,2.8505247177224646,2.137410010123631,2.847231987257203,2.125822281048784,2.8455008037865355,2.115037192341674,2.8374437767780023,2.102521537320797,2.827784227054849,2.0890408662861546,2.821114243774161,2.075365692654202,2.812871144658857,2.064593286359297,2.806699705136793,2.052121985225768,2.841630503722911,2.137045214108923,2.84492900473208,2.140696031223058,2.838379237144352,2.133010131502715,2.826678182438684,2.1213778020022573,0.008545450491077342,2.764454721187088,2.490001518807195,
1069,2023-02-13_16-00-00.365000,2023-02-13_16-00-00.365000,-62.90400796033258,1.9,-62.90400796033258,1.9,461.4279739335185,0.0082195080539296,462.4848342459152,0.0286130404977575,-1.0568603123966795,0.0297702267236063,-1.0206004792248675,-1.2394835256450278,-1.0279973725836271,-1.252010121070782,-1.046817549041123,-1.2803048899160103,-1.0689023963543605,-1.3176979985742037,-1.0890715797818302,-1.3441206096288738,-1.1179594470229404,-1.3657202069570644,-1.1405338858677965,-1.3842076625597883,-1.152325318543717,-1.393016890376657,-1.165294479581746,-1.4177069040964057,-1.021885335338311,-1.241086078195508,-1.021885335338311,-1.241086078195508,-1.00484166080048,-1.2236332845148468,-0.9669192031880698,-1.1852187349406904,0.025219814034755483,6.4673631605645,6.847203996484732,Stationarity test failed
1072,2023-02-15_06-00-00.615000,2023-02-15_06-00-00.615000,-111.483704878108,1.183377105919,-111.483704878108,1.183377105919,503.04947442989663,0.0515411574606413,502.138220736313,0.043492301189308,0.9112536935836602,0.0674393888993969,0.8639956781286742,3.648759204214116,0.8626177622608111,3.6446400141699087,0.8609939341869222,3.638568310252936,0.8603452096654678,3.6352603074445824,0.8577823920949754,3.634436020145813,0.8573593862224129,3.6323448436323815,0.8568709483931798,3.631420854884368,0.8564254096266382,3.6284950400659,0.8560180474333379,3.62781888479833,0.8457908931904399,3.5945591139152384,0.8540048279965049,3.6211189160624144,0.8601687057100094,3.644267404714697,0.8534752506757286,3.59317935938941,0.01850475681824934,1.8468903579832616,5.6051971919205625,low IRGA signalstrength
1075,2023-02-15_13-00-00.765000,2023-02-15_13-00-00.765000,-105.18007453253398,1.408422073016,-105.18007453253398,1.408422073016,503.3784461980863,0.0647928161423964,499.1825569043223,0.0056892305642753,4.195889293763969,0.0650421122664068,4.265110123785917,3.4914851528607187,4.264340474228277,3.4904117070150846,4.259018301010883,3.4887417791209145,4.263158854878668,3.486474525269898,4.262275162659535,3.483866554193355,4.261391584588296,3.4801770480318623,4.261960064030006,3.4780926147668083,4.263020086969732,3.476384101771941,4.2610862137732965,3.474507252622743,4.313027123153972,3.5407604759100195,4.2889398329221535,3.5159376211989866,4.266929608938483,3.4950284635798425,4.264526885987891,3.49667738372068,0.029335124053432086,4.109323315467599,3.837247875301754,No IRGA flux data
1079,2023-02-16_06-00-00.715000,2023-02-16_06-00-00.715000,-163.1552416868559,1.9,-163.1552416868559,1.9,550.5060896117723,0.0453175170631202,544.104205867081,0.018188415117608,6.401883744691304,0.0488312993607237,6.466399406154665,6.51915904168402,6.488488211336971,6.525207528756482,6.495194418705864,6.513195050597346,6.495467433590648,6.494167888069001,6.480060413971273,6.471925087862587,6.471629306116597,6.447643172233597,6.462828514232115,6.435269192467672,6.446602246705652,6.414070076622465,6.4257491241113485,6.384442113024875,6.406330485248532,6.454436356824999,6.440222372317408,6.488994462186611,6.503661968446522,6.553916983352906,6.505062926699225,6.553984443063314,0.10435781222134768,18.80972945641343,18.8149761986442,
1089,2023-02-17_09-00-01.065000,2023-02-17_09-00-01.065000,-51.35203153043621,1.764156638429,-51.35203153043621,1.764156638429,458.01381867127697,0.0569296867570483,453.6551531671934,0.0371660773931479,4.358665504083547,0.0679875469703761,4.309776572541068,4.433376028470889,4.32080940518631,4.434643778945258,4.321847411768658,4.426444601774392,4.321913857265429,4.4199854510953855,4.32421471939665,4.408318990402051,4.324562474267623,4.401674000382172,4.326742603260357,4.398350336451983,4.326893171768745,4.392904391187926,4.323109445169223,4.3900592701514825,4.311969241136012,4.435576787045818,4.31021345446112,4.4338042789306655,4.314286769506225,4.436729646792628,4.31687772794379,4.437756898127702,0.06624881984537745,6.648295417900997,6.558805090230383,No IRGA flux data
1094,2023-02-20_07-59-58.015000,2023-02-20_07-59-58.015000,-73.23531955533235,1.9,-73.23531955533235,1.9,476.7488852652728,0.0144784998883145,470.9376340886688,0.0477634890977971,5.811251176603946,0.0499096969517077,5.938121722204244,5.393627682885722,5.945484203872525,5.405868828498456,5.954878630119367,5.413477744357806,5.961899759823552,5.412419960169586,5.964876741108981,5.414081857019141,5.961542863746274,5.4154454990028285,5.960384939374251,5.408645396052975,5.958428491580548,5.402643909953213,5.957790736429104,5.395300417166936,5.938121722204244,5.393627682885722,5.938121722204244,5.393627682885722,5.932959981968565,5.390083428787932,5.934088701298435,5.390484814350145,0.04462762590260366,7.557824482630761,7.077151515991296,
1101,2023-02-21_05-59-56.965000,2023-02-21_05-59-56.965000,-142.92572548372328,1.9,-142.92572548372328,1.9,534.784252374342,0.0305857311906023,521.1798053045004,0.0416995993059415,13.604447069841626,0.0517140554853306,12.889686711401396,13.291173757764398,12.857504350583897,13.253712228429832,12.789961975822962,13.178638839900998,12.7611716503327,13.130981319348166,12.744899286887517,13.09712651634112,12.713386046400617,13.042105469207172,12.697594883462555,13.005046604096094,12.68057064228276,12.975005505276329,12.645557546628991,12.919971250994877,12.891323044083832,13.292569189641483,12.886805521981614,13.288381425574016,12.910103132633594,13.313285389016071,12.943904364428365,13.352517983456949,0.3822888675077069,51.00514038895183,50.23574462336212,
1103,2023-02-21_12-00-01.466000,2023-02-21_12-00-01.466000,-45.79336436763304,1.790785476517,-45.79336436763304,1.790785476517,451.2579827612197,0.0069505908541381,446.9269491482711,0.0508850640629942,4.331033612948602,0.0513575744940963,4.204142720118398,3.315792428982548,4.201662687803093,3.309898316838201,4.197632670361202,3.3086173596076947,4.192138422119569,3.3059609414807483,4.190395096741838,3.3018367534351114,4.191183468263546,3.3022992403246576,4.188927488684499,3.302482624153072,4.185135549809274,3.301979130135635,4.17585037996065,3.299658297886822,4.201606133621738,3.311991635227912,4.203485875635579,3.314991955402036,4.203318444132663,3.315781707336498,4.203261223640709,3.315438205107455,0.046316546304963443,5.207763488037123,5.137445589406348,
1108,2023-02-21_10-00-01.317000,2023-02-21_10-00-01.317000,-60.56957250556516,1.9,-60.56957250556516,1.9,466.060118284308,0.0271802938299922,461.0385461498972,0.045153257612937,5.021572134410803,0.0527027992211511,4.831170758332576,4.186075079568525,4.831085354558127,4.192505435304554,4.825646783757918,4.184642642330061,4.820581477287419,4.179739447084842,4.818692950567595,4.170079670889948,4.811791853544435,4.167650116290304,4.805991738168814,4.164551161099439,4.795976915212293,4.155976756793223,4.788514480388983,4.146509210386455,4.829145133689224,4.185427132222117,4.830483798525563,4.185689527707666,4.831131767998443,4.186875921348815,4.831169133949345,4.187060658451685,0.010413894476626535,4.030278337582639,3.8559317879375454,
1113,2023-02-22_09-30-01.467000,2023-02-22_09-30-01.467000,-67.41655027316872,1.566725941652,-67.41655027316872,1.566725941652,478.984193866022,0.0274922872107734,476.2289012682057,0.0079279319185335,2.7552925978163216,0.0286125490053675,2.657005058698644,2.4469161877894408,2.6563003460696564,2.4390623363692043,2.652811379300317,2.431651731026534,2.6450164876262647,2.4252355118566697,2.6327485267611337,2.417466617201171,2.632840021043364,2.4104265702927137,2.623037749375669,2.402557706841719,2.615251076473953,2.39329651238478,2.603001822083968,2.383550072398748,2.656996357423452,2.446983899064719,2.656996357423452,2.446983899064719,2.6627764899129147,2.4525281190842065,2.67297315765137,2.4609752182914804,0.022323374385647746,5.220928644222027,5.395794367859554,
1122,2023-02-24_07-30-01.065000,2023-02-24_07-30-01.065000,-108.91295685344548,1.699894731261,-108.91295685344548,1.699894731261,522.8531156505769,0.0524486225330823,520.9221380247285,0.0343104721349081,1.9309776258484133,0.0626742890166139,2.060226756012412,1.645137764990693,2.069801220781187,1.6469904666296884,2.081233919103397,1.6462402487813392,2.0898329569917,1.6501337530696674,2.102561673080345,1.653158936049067,2.111907466204116,1.6549344191246291,2.116218320192388,1.66960406228975,2.108846475004043,1.667916009526209,2.096166656222408,1.6651928402234262,2.1008053740624746,1.6903271290684074,2.082196971726944,1.670570980052048,2.0706282913771474,1.6669632588282752,2.099756530479567,1.6979419846553585,0.0504603194476696,8.073910531967368,7.960559263153505,
1124,2023-02-24_10-30-00.816000,2023-02-24_10-30-00.816000,-88.20204018132915,1.754355011272,-88.20204018132915,1.754355011272,487.728710560539,0.0661178368796175,479.49843911447147,0.0286844850722293,8.230271446067547,0.0720719642961023,8.35006110481612,7.575453439252669,8.3479532033017,7.567753953487966,8.341756084797908,7.558341491509225,8.334022295377281,7.543937802478979,8.322709598714539,7.526304423336512,8.301185025655911,7.5072385036741025,8.28128038332926,7.485572141790328,8.261115522564296,7.464586709364994,8.244325205553423,7.439494847955473,8.351058874287844,7.576398951261979,8.349507918323866,7.574940884700879,8.343081549389524,7.568894085223633,8.336551173244743,7.563552835976225,0.0639935917949465,8.444540623120036,8.157969512257294,
1130,2023-02-28_13-00-00.165000,2023-02-28_13-00-00.165000,,,,,437.5923730737159,0.03924299627938,436.9259201407008,0.0152987483370845,0.6664529330151368,0.042119644557675,0.747687752492709,0.7451700477792542,0.7355785500635648,0.7340993278972974,0.7146099277220515,0.7120519448889695,0.6956297625361572,0.6878845872504371,0.680906151084173,0.6623684106915562,0.652257571187306,0.6430220337680908,0.6352875842856633,0.6202507553798569,0.6162463757607952,0.5896928718549361,0.5877008591137951,0.5611491242956959,0.7471029934338276,0.7440717649955673,0.7477177730135054,0.7448415692201138,0.7445718154216365,0.7426642509169596,0.7413728563396376,0.7389881190306369,0.008736492618553967,2.2783636800601377,2.074773295465175,Not analyzed for 14C (small DCO2)
1132,2023-03-01_06-00-00.515000,2023-03-01_06-00-00.515000,-33.73067307947552,1.9,-33.73067307947552,1.9,446.5354096126956,0.0236252930398457,441.1724888475893,0.0262625531378908,5.36292076510631,0.0353252907778424,5.327478818254008,5.170685608873498,5.330320802907522,5.178218535609631,5.3387004806419895,5.171008770148376,5.340049425742564,5.165597465022358,5.33100901160401,5.156283035271997,5.320548853419837,5.148161186877019,5.314675976397041,5.137523984245149,5.310942725845905,5.12116190857688,5.296923131157087,5.113936402954494,5.32681074934402,5.170081228162644,5.327185986410143,5.170211991468932,5.32560038842513,5.168728500067402,5.323669421963984,5.166029332033361,0.014851781927841671,5.513549342053811,5.323906270489249,
1134,2023-03-01_13-00-00.165000,2023-03-01_13-00-00.165000,-29.206382170612223,1.9,-29.206382170612223,1.9,443.7930326598377,0.0531372724059894,440.86201746167234,0.0382365074751716,2.931015198165369,0.0654644958939361,3.044487562185509,2.9365949937417213,3.040202238871132,2.93973011008336,3.0371592687388898,2.934980797994001,3.0251976666681912,2.915681124949799,3.021776373939815,2.8984996116945467,3.0013364999985583,2.891122583462277,2.99281696328768,2.8794057575273087,2.9752791543190824,2.8627410148830563,2.96723141730439,2.845769836024488,3.045127607726726,2.937218539669175,3.0448753506794333,2.9370836820739328,3.0531949551758544,2.9457999084592643,3.035375324225811,2.928589444741021,0.013969438741333834,5.525073083467772,5.465481069602538,
1137,2023-03-06_11-30-01.215000,2023-03-06_11-30-01.215000,-21.376693982902538,1.580136660188,-21.376693982902538,1.580136660188,437.5105098953916,0.0196152740690906,437.0166920813711,0.0327862266025327,0.4938178140204741,0.03820596329944,0.4717010606814256,0.3272898001372937,0.4701508485692898,0.3243168221898713,0.4678795029554408,0.3180761425391551,0.4685664091118156,0.3116586803607788,0.4632214471653242,0.3061776926865605,0.4580422431795909,0.2996068087128378,0.4534946953035046,0.2934528803792773,0.4494094529969743,0.2860917013281892,0.4440006635640543,0.2787986446946888,0.4778684337984487,0.3350061291330348,0.4747954933555434,0.3311077029545117,0.469074424409996,0.3250154727202812,0.4668395601162842,0.3230589832440387,0.009923187388627791,1.6431080547398962,1.5948399524011616,
1138,2023-03-06_13-30-01.365000,2023-03-06_13-30-01.365000,-15.468239823791642,1.63399831398,-15.468239823791642,1.63399831398,429.55966049337775,0.035818608114142,427.747802040005,0.0332242132050435,1.811858453372736,0.0488551023980982,1.7331168268518695,1.4923183396298327,1.7309291930243376,1.491546637427689,1.7232477015985523,1.4843210601644614,1.717521675717876,1.4780120018816092,1.709495399035518,1.4716668229463608,1.7010248753763904,1.4637730651616607,1.68794417563754,1.4546955983529417,1.67155944266392,1.4428349034221242,1.655868709297522,1.4320571808999034,1.7359087684032488,1.4933064582561428,1.7342896687007965,1.4924626098148224,1.7353396977889588,1.4943599017439055,1.7365983984922764,1.4957385328364126,0.004380019128041742,1.400049962603714,1.099331222037662,
1139,2023-03-06_15-00-01.266000,2023-03-06_15-00-01.266000,-19.532546639825952,1.617873736432,-19.532546639825952,1.617873736432,429.5007261116848,0.0530556102203808,428.5156611555873,0.032553787822603,0.9850649560974604,0.0622466615767948,,1.0127645081603305,,1.0078845553780411,,0.995345275581542,,0.9847257172506828,,0.9717762628766308,,0.9600512434264488,,0.948203526473378,,0.9374489820559688,,0.9279247300876818,,1.0129020645472335,,1.0129020645472335,,1.0129231837698285,,1.0129761856051118,0.007823166378406167,1.4421550949297168,1.456725635490551,MGA7 outage
1141,2023-03-07_06-00-00.415000,2023-03-07_06-00-00.415000,-15.055923845468612,1.607058377486,-15.055923845468612,1.607058377486,431.1174024901917,0.0265549824398907,429.3431149274243,0.0229653734473851,1.7742875627673698,0.0351080542035693,,1.8726028952964384,,1.863844433605777,,1.8429769850924345,,1.8159117846698225,,1.7930024479408075,,1.768519573874812,,1.7435534842450124,,1.7200693843442991,,1.699342802542219,,1.872150859632484,,1.8726028952964384,,1.872355187237588,,1.866318742934368,0.005898183528050877,,2.202041094505792,MGA7 outage
1142,2023-03-07_07-30-00.665000,2023-03-07_07-30-00.665000,-13.613368421213412,1.65189746589,-13.613368421213412,1.65189746589,431.0186677766632,0.0345189729862469,429.4322941099557,0.0124392088388944,1.586373666707516,0.0366918712055255,,1.540154915605001,,1.535645092055404,,1.528281997364786,,1.5218757352250236,,1.5150249695449816,,1.5114157165804727,,1.5034696405133443,,1.4960954683874093,,1.4871762410274982,,1.5479593488781234,,1.54474635195362,,1.5421645888700937,,1.5494612430301231,0.006465950818898415,,1.7612855242147822,MGA7 outage
1143,2023-03-07_16-30-00.265000,2023-03-07_16-30-00.265000,-18.448151512210128,1.429626189244,-18.448151512210128,1.429626189244,430.626132670038,0.0170755271890277,429.6638338743805,0.022699518104058,0.9622987956574888,0.0284049599707459,,1.000396093742438,,0.9935263055966744,,0.9771204472344834,,0.9604619851741064,,0.9371397220323844,,0.9170999946582016,,0.8978075338965255,,0.8795352715677609,,0.8591300009520637,,1.0004422447865409,,1.000142339512024,,0.9945322427248584,,0.985474596491315,0.0025747344185778893,,1.5769872696916072,MGA7 outage
1144,2023-03-07_14-59-59.965000,2023-03-07_14-59-59.965000,-14.493673440492238,1.439169942081,-14.493673440492238,1.439169942081,429.2037833881682,0.0346169207838225,428.07398202436576,0.0417023306198422,1.1298013638024145,0.0541979296992059,0.7462709049865452,1.0179353505034785,0.746916287432839,1.014568313422842,0.746866187619105,1.0050273188223855,0.7402496807142711,0.9973058198567628,0.7403779656477241,0.9869845121345976,0.7384050364761379,0.9797330168669872,0.7259239370417276,0.9720686103838148,0.7191527960967505,0.9636546602147292,0.7126846735296226,0.9515490253078838,0.749981752109818,1.019303147989092,0.747214404669819,1.018257721591226,0.7466046485035918,1.0173942103029958,0.7460543178121384,1.0163307711355856,0.0069369635962355375,1.3465477830749084,1.1669134884654788,MGA7 outage
1145,2023-03-07_10-00-00.265000,2023-03-07_10-00-00.265000,-10.999450470869366,1.43198930924,-10.999450470869366,1.43198930924,428.14479153130816,0.0494951369629364,426.9804593285445,0.0514321246727916,1.16433220276366,0.0713794930728525,,0.5333645886092313,,0.5255076030898067,,0.5147106887308155,,0.5026658021307071,,0.4917675875187228,,0.479731534539269,,0.4698249900270639,,0.4605032917450558,,0.4520739137596479,,0.5331503755750759,,0.5331364596639787,,0.5314036125444659,,0.5305823446584554,0.006944159685098111,,0.776693367708911,MGA7 outage
1146,2023-03-09_06-00-00.066000,2023-03-09_06-00-00.066000,,,,,427.67711097862,0.0024705367520237,427.1093815083934,0.0277484022182057,0.5677294702265954,0.0278581653650492,,0.5788428922247704,,0.5691179277817469,,0.5432082084737999,,0.5227500125542406,,0.5045280910660495,,0.4913030189470078,,0.4742933328791423,,0.4603642491837831,,0.4474406855014763,,0.578522511424751,,0.5786562916653111,,0.5775074775076519,,0.57628952958936,0.0014964151873095215,,0.677744234999075,"MGA7 outage, not analyzed for 14C (small DCO2)"
1156,2023-03-11_12-30-01.166000,2023-03-11_12-30-01.166000,-40.01343288043835,1.577551707107,-40.01343288043835,1.577551707107,448.59515839969134,0.0388973958946752,442.668137402994,0.0392061948278774,5.927020996697365,0.0552280102870687,6.5886101643791335,5.633771162164919,6.605963132579745,5.833806270812943,6.618597191880269,5.848310916811101,6.63210846261228,5.853577568750893,6.6379313659087416,5.865511625915701,6.637677863545832,5.88447622016929,6.633992066088297,5.892399998057499,6.633115549421632,5.871160854111395,6.619882918114854,5.870305850789634,6.595534159806675,5.633845719204487,6.590264546121148,5.634132819591116,6.587307492882019,5.634124162556475,6.585554706421362,5.63505591956374,0.021196158607350093,7.04198187974541,6.813461101527167,No IRGA flux data
1157,2023-03-12_11-00-01.567000,2023-03-12_11-00-01.567000,,,,,430.199011702804,0.0472951612225755,429.6155148324085,0.033798054966703,0.5834968703954928,0.0581303775542675,0.6461599116601633,3.831728737264882,0.6445076565094041,3.825713068738878,0.6425728108672502,3.8074242546429673,0.6318303671208128,3.803410653328912,0.62197157063747,3.797073485080887,0.6067126347505223,3.7949193822288407,0.599539149017744,3.777408073243123,0.5944623146767753,3.781549969300442,0.5830459974482665,3.777423419127956,0.6560538002165117,3.8712860265112,0.6461599116601633,3.831728737264882,0.661947176663034,3.851763580044974,0.6700216006682354,3.8590669330678793,0.015825063677518025,1.6429397006002082,24.677111258620386,"Low IRGA signal strength, not analyzed for 14C (small DCO2)"
1160,2023-03-13_06-00-00.715000,2023-03-13_06-00-00.715000,-16.53640834710146,1.435712242096,-16.53640834710146,1.435712242096,433.2665034817838,0.0085784635268571,431.4344501274345,0.0261398178408439,1.8320533543492843,0.027511454218818,1.886637428449717,1.8714773133821725,1.8896405353643784,1.8718570897484028,1.8851524736976444,1.862447277271144,1.883274962408052,1.8544474983440296,1.8697384867945173,1.8471700114811824,1.857570480317861,1.8363822934969107,1.8547057216412668,1.8250526987940248,1.8513901404792816,1.818502058550564,1.839671743131305,1.809921108991716,1.8868643127201488,1.8716598016971489,1.8868643127201488,1.8716598016971489,1.8867444499197177,1.871544903228937,1.8882039168657911,1.8733582757131444,0.007174789814183368,2.706380951351066,2.600932321961896,
1161,2023-03-13_07-30-00.966000,2023-03-13_07-30-00.966000,-11.710104217949825,1.4393054912960002,-11.710104217949825,1.4393054912960002,430.3335825372682,0.007156531488721,429.22714349052495,0.0314536598432187,1.106439046743276,0.0322575364912133,1.1728727266412875,1.143933778356768,1.1737101329416646,1.1412475816263736,1.1704788137411697,1.135095965783421,1.1730146381028703,1.12822956069283,1.1698650761925364,1.1210575157732023,1.1629221307284752,1.1138086457773395,1.1569934242778004,1.1079138712262877,1.1545686457061493,1.1033355926491597,1.146797215056381,1.096508862160647,1.1728727266412875,1.143933778356768,1.1728727266412875,1.143933778356768,1.1723638704752375,1.1430346395451352,1.1705944165921096,1.1413307597456424,0.0032900774987437618,1.392929351615943,1.1390161791635696,
1163,2023-03-13_14-30-00.765000,2023-03-13_14-30-00.765000,-16.267125048676778,1.631160188226,-16.267125048676778,1.631160188226,424.94996566572365,0.0287126877237563,422.9616601943293,0.0034744016608958,1.9883054713943693,0.0289221351774584,2.0339099498299333,1.894786660207103,2.0207811278586405,1.8833324201710293,2.016192098880822,1.8620546540506664,2.0065527684822086,1.8444413637197383,1.987637070824405,1.8276335267900663,1.973298735485116,1.810936247545556,1.961635078610584,1.7958343735116955,1.9393796686634344,1.7819461822767266,1.9351138040844376,1.7685439684912012,2.0339099498299333,1.894786660207103,2.0339099498299333,1.894786660207103,2.0358208639434565,1.8953972149667493,2.0448507942327296,1.907167171056472,0.009512781830990335,3.6709803109768986,3.50810666727145,
1166,2023-03-13_17-00-00.315000,2023-03-13_17-00-00.315000,-16.804645485400506,1.44433861121,-16.804645485400506,1.44433861121,424.9946456625044,0.0301198235787615,424.6156132214172,0.0199892039205024,0.3790324410871903,0.0361493021480518,0.7008517364623117,0.5220731394838367,0.6833343021997962,0.4945519067779287,0.6458388104420578,0.4352382855061023,0.6090300138461089,0.3873474127973395,0.5717169690536821,0.3469216721681505,0.5268044530557745,0.3093819955247454,0.4923555589963939,0.262921681411342,0.4491912655731767,0.2297941401231469,0.4153527470499512,0.2037297400332818,0.7002796176884658,0.5214771876393911,0.7007010142287413,0.5219375612520594,0.6959264612417542,0.517835983081909,0.6899107016803327,0.5131562887394807,0.014715515028718734,3.5784238833178845,3.615274017693464,
1167,2023-03-14_06-00-00.265000,2023-03-14_06-00-00.265000,-14.857329721844836,1.501813453922,-14.857329721844836,1.501813453922,432.1802336861285,0.0090523131024589,430.61968423973946,0.0305438602444414,1.5605494463890182,0.0318570521413535,1.652355785997088,1.595700630437193,1.6541199437411365,1.5955968168468075,1.644882604042607,1.5905013695427783,1.6467125650811454,1.5835725575564652,1.643985278030641,1.574934392175578,1.6382949193865102,1.570852023041823,1.634247161756775,1.559936062207839,1.6280166100008842,1.5522238800889454,1.623482804140281,1.5453732035627468,1.6488474512016182,1.5923934929186885,1.6488474512016182,1.5923934929186885,1.6513459305313631,1.5946068183089324,1.6523123954056018,1.5940261042116504,0.012782147580179875,3.45575854984235,3.1782334026419363,
1182,2023-03-16_13-59-59.915000,2023-03-16_13-59-59.915000,-27.38422150533104,1.421299243217,-27.38422150533104,1.421299243217,435.00148608081,0.0143869496719223,433.692875752308,0.0186890483411101,1.3086103285020272,0.0235852676210971,1.3349014752835728,0.7337618110498738,1.3382418595098784,0.7318154927182832,1.337931975981007,0.7292182754861756,1.3343457954504745,0.7259006760606894,1.3284262328303953,0.7212256709244116,1.3256726971025614,0.715559918332417,1.3226973108546645,0.7094499304483861,1.3107485509816,0.7041098250143705,1.3067949888633166,0.6977771540773574,1.3305741725351936,0.7298017471119351,1.3327616002897005,0.73157229551407,1.3323973497899717,0.7318575426615439,1.3281536546617758,0.7271100701999558,0.008967938697269823,1.590723946082216,1.410183352706841,
1184,2023-03-16_17-00-00.015000,2023-03-16_17-00-00.015000,-41.61291335195138,1.417912395487,-41.61291335195138,1.417912395487,441.3108465453229,0.0364282860291027,444.4785936557374,0.0333356675495499,-3.1677471104145525,0.0493790112698931,-3.0797684102893754,-2.97429868353612,-3.113372736277995,-3.0073950193097403,-3.1479270734268425,-3.0463426020129987,-3.1887767411899404,-3.084305375767883,-3.2283652546685744,-3.137619224328887,-3.2759654263739435,-3.18056910887384,-3.326040767493396,-3.228379506786439,-3.3611698767619487,-3.255471329669433,-3.396942920165713,-3.299083325265258,-3.0938250225206616,-2.988603988018781,-3.081376587346768,-2.9759777495289086,-3.0648369063741825,-2.960022490317101,-3.0577068096925477,-2.953628512199316,0.055054060874230246,,,
1188,2023-03-17_15-30-00.365000,2023-03-17_15-30-00.365000,-30.570096330076566,1.333233452503,-30.570096330076566,1.333233452503,432.5985152802944,0.0399270383077776,430.3028148144283,0.0334432120701606,2.295700465866105,0.0520827881511778,2.59347541803794,2.5094550500824084,2.5519833950746715,2.467090935784597,2.494281034233893,2.4019707126366256,2.4377122615227336,2.3347996251426366,2.367414941225263,2.267035394449181,2.308588299218229,2.192598389030195,2.2377895915932413,2.127039204924984,2.167751539199571,2.051858510175464,2.099039661360223,1.997907149609034,2.595318580210403,2.5112564738762444,2.595318580210403,2.5112564738762444,2.595733850869294,2.510995460425022,2.594254278864298,2.508561179627975,0.02141699713874972,5.130279664237842,4.855303152644468,
1189,2023-03-17_17-00-00.665000,2023-03-17_17-00-00.665000,-34.024857644643134,1.33374686437,-34.024857644643134,1.33374686437,433.883048241419,0.0225795915098769,438.6675076639304,0.0228354959530418,-4.784459422511418,0.0321138261216924,-4.712996557767042,-4.801720730174907,-4.713222662017756,-4.820056227769612,-4.716624274897868,-4.830812183765829,-4.720323788679707,-4.841711293967194,-4.7264928812981,-4.857752780820363,-4.736327005026055,-4.869021203939894,-4.756631922834572,-4.882288140575156,-4.767341369729195,-4.907152488064469,-4.785738400946912,-4.924148479463042,-4.698476532330858,-4.787658807907746,-4.705712948786811,-4.794505309092358,-4.71599850556089,-4.803515507506518,-4.706760932411271,-4.795242622134992,0.033162213557867096,13.165602853282486,12.569516010866328,
1190,2023-03-20_06-00-00.915000,2023-03-20_06-00-00.915000,-32.18556761138647,1.620412903064,-32.18556761138647,1.620412903064,449.4114845736484,0.0332554731001255,441.8293014015456,0.0298119495694467,7.582183172102816,0.0446618274172072,8.202206586139312,6.736250145812733,8.19486421141994,6.717454699416123,8.167033596576175,6.670351566309762,8.119741826178313,6.621476569381741,8.06123384931982,6.56416575698529,8.002743792738215,6.507704630503611,7.950436305547271,6.458101040944257,7.8953350580363235,6.41183721961778,7.845468122560703,6.374068466949268,8.202206586139312,6.736250145812733,8.202206586139312,6.736250145812733,8.191117016539977,6.729242717749173,8.176222268406718,6.717410503286658,0.11706333579004205,9.793422208957232,8.618447730824158,
1191,2023-03-20_09-00-00.665000,2023-03-20_09-00-00.665000,-19.562342019935564,1.629359600759,-19.562342019935564,1.629359600759,436.47041217918536,0.0336774364786101,434.72894008461776,0.0322784822797613,1.741472094567598,0.0466483670245345,1.7201052756534525,1.634178257980352,1.7231676976925885,1.6373835029108363,1.7292108348312354,1.6289216853711537,1.7255326800639068,1.6185412994548756,1.7170868860615087,1.6102658569590176,1.7127977079686048,1.5999211190889469,1.710515733007412,1.5929439611115868,1.7051494693135965,1.585028336624191,1.7052851713175414,1.577667441365918,1.7135142595333264,1.629343529627704,1.717532054779724,1.6318228210889174,1.7260797703294202,1.6391053475543345,1.7287688773632794,1.6421908719579503,0.024872366345122698,3.1318357440544307,3.057729243205669,
1192,2023-03-21_05-30-00.066000,2023-03-21_05-30-00.066000,-42.957260015133215,1.467077951047,-42.957260015133215,1.467077951047,463.4078873129973,0.0345410333449491,458.1799335726466,0.0229509265074865,5.227953740350699,0.0414708091564287,5.667890564210438,5.001115671754803,5.651914818618138,4.990661503831291,5.639304994113388,4.969757178523082,5.626211400627994,4.950370495393997,5.610295226146945,4.934348994647678,5.598323525921501,4.919655771042358,5.580840079111283,4.906537871914964,5.564699803411713,4.889120586791421,5.551707443853104,4.875980437298836,5.6764167750041565,5.010258677984382,5.672989372874099,5.006661645818099,5.666731965835595,5.000090347167145,5.6563901999132895,4.989677258761219,0.04702689369977756,7.516163279123901,6.923447673104769,
1202,2023-03-22_07-00-00.715000,2023-03-22_07-00-00.715000,,,,,475.3407990578991,0.0227779838152825,474.0479905198176,0.0293361647611626,1.2928085380815446,0.0371409088416445,1.71297476907489,1.6679021638960876,1.7141222580067392,1.6733087779631433,1.711412091340094,1.6507747513143158,1.7003933910538649,1.6391031108166203,1.6970350311223117,1.6191325076256362,1.6812103326791998,1.590386417851903,1.658332442514734,1.555035149578032,1.6438576413867168,1.5287357431438409,1.6266609613826404,1.4952190044922986,1.810728398255776,1.7525828431293462,1.7608754929746624,1.7102808345286462,1.721603182003605,1.6661056521301705,1.7285531055138676,1.6670218549149922,0.10594458060974188,13.83517311886222,12.840093690687926,Not analyzed for 14C (small DCO2)
1208,2023-03-23_05-30-00.865000,2023-03-23_05-30-00.865000,-22.98427278357317,1.4161494747619998,-22.98427278357317,1.4161494747619998,442.535554679082,0.0431091793599585,440.72448624933367,0.0201619278811134,1.811068429748332,0.04759101470837,1.98830766001754,1.9325641036015784,1.984551486245266,1.9216006473328664,1.954654821307713,1.870047778649166,1.910237740842888,1.8151993297840927,1.8587580590722723,1.7461503419375504,1.8086803636145987,1.6811383337615666,1.7523639570334808,1.6115801643790633,1.6989088383061812,1.556338775910774,1.6487296447133986,1.506730132680616,2.008620563045042,1.952453255683395,1.9976100204727345,1.941593583495944,1.9879878320011244,1.931535892398017,1.9804435403112848,1.9243430036332825,0.036371611519700184,4.992767354807109,4.79431668689052,
1209,2023-03-23_07-00-01.115000,2023-03-23_07-00-01.115000,-11.334082309383486,1.44514260673,-11.334082309383486,1.44514260673,434.63938174774063,0.0115035281094899,433.7726005399397,0.0161620961215146,0.8667812078009547,0.0198379562961233,0.966520882656198,0.9748378627567718,0.9632777455250904,0.96240581527951,0.9414894700259424,0.93460168641883,0.9172740490744218,0.9047779391485165,0.8992325922501436,0.8831638286409884,0.8695460393244616,0.8634166915877586,0.845788242278843,0.8374299311388427,0.8220173150505161,0.8154867285673504,0.7984433858179614,0.7929474140369166,0.9616258350041562,0.970662201555058,0.9666169005263896,0.9748619895026992,0.963120540140892,0.9705348011108867,0.960827145420069,0.968529921260938,0.005290967837399756,1.438247183498529,1.2190455516342271,
1210,2023-03-23_09-00-01.115000,2023-03-23_09-00-01.115000,-17.587623063042624,1.421650751696,-17.587623063042624,1.421650751696,434.3448075086837,0.0123728802656454,432.6630263814824,0.0317932581972934,1.6817811272013046,0.0341159703492039,1.837540900945612,1.70747420660814,1.8339447722011075,1.7057605252526855,1.8261907921584568,1.7018533812477017,1.822449992499969,1.6980654719779409,1.8186694601339468,1.6918860280113677,1.8145153989066216,1.6858352515227466,1.805030094948336,1.680512929177553,1.801886683150144,1.6760730136479085,1.795556934587296,1.6710267733579371,1.8381352277345968,1.7079134499082895,1.8376674282438896,1.7075537365366813,1.8367491140784864,1.7062786065064302,1.8351441806227624,1.7046385344331156,0.007003962317322648,2.117996715527567,1.9166255974036808,
1212,2023-03-24_07-30-00.315000,2023-03-24_07-30-00.315000,,,,,432.6384663971669,0.0400620514691587,431.73995033626255,0.017994875677679,0.8985160609043419,0.0439179179671879,0.942532708495321,1.1326448630425716,0.9366513146683246,1.1247214105250125,0.9305997793098868,1.1117475949625373,0.9147054052581892,1.0977790002062875,0.8920972805356655,1.0830581210245782,0.8827399744388345,1.0657163515297157,0.8739011045986445,1.0512268925799615,0.8566283748385217,1.04003924144763,0.837213291065666,1.0264814177614312,0.9367203323719197,1.1296536512552393,0.938555422301704,1.1303418847112423,0.943795693075458,1.132916400809222,0.946944264495812,1.1357777328273642,0.008452343966293954,2.2839584679975613,3.0235206474141973,Not analyzed for 14C (small DCO2)
1213,2023-03-24_09-00-01.565000,2023-03-24_09-00-01.565000,-15.575826211772892,1.504546896675,-15.575826211772892,1.504546896675,432.6399187220357,0.0303244673400043,431.173702406952,0.0115929232754151,1.4662163150837273,0.032464891645047,1.5041446751794751,1.4340874225330822,1.498183765634565,1.4268213641102534,1.4915302224239326,1.4130352172939524,1.482020100775685,1.40284691131734,1.47629784321839,1.390364922758863,1.470406265135125,1.379158083790287,1.4523950687439535,1.3694059720394307,1.4377390219216295,1.356966743892258,1.4221351313133823,1.3455725555164122,1.4974982940313453,1.4251109876822738,1.5013638511144904,1.4300589903667174,1.502101930570916,1.4298542228171414,1.4980905951154,1.4242254021197596,0.0111699620881302,1.8689076393571529,1.6584508561321596,
1214,2023-03-24_12-00-01.015000,2023-03-24_12-00-01.015000,,,,,429.42678435039545,0.0170514847915068,428.56367561317165,0.0196699841857898,0.8631087372237971,0.0260319306134641,1.0087408588098017,2.020315956086733,1.0018060440315253,2.0087566266296903,0.9987119151694516,2.0091876588737705,0.9931569616426827,2.0020666431323093,0.9901858225603064,1.9847645948595407,0.9757976936252248,1.9856305598345896,0.9668165608981668,1.9669865277012373,0.960719805159556,1.9518021965810703,0.9541123748354609,1.9449454085084312,1.0006295514041312,2.0400446891217143,1.0010943860135058,2.038971672002617,1.0068108282005142,2.026400800178237,1.00370691471511,2.030659444858429,0.015399319515086838,2.819563406216953,6.842171810486878,"Not analyzed for 14C (small DCO2), low IRGA signalstrength"
1216,2023-03-24_16-30-01.315000,2023-03-24_16-30-01.315000,-13.216537287335406,1.503081596275,-13.216537287335406,1.503081596275,429.4736054417408,0.032569756081553,428.51060422474495,0.0263657520437194,0.9630012169957922,0.0419039603384065,1.0037993853463831,2.4382286375044373,1.0024420713035624,2.4375347574601847,0.9989657285895532,2.4146559556991747,0.9848072558558556,2.401482176990669,0.9631420848174912,2.378991635445743,0.93802911095014,2.357467286931808,0.9229423975468194,2.3430462115351816,0.919877811641129,2.325003427342949,0.9026520891871996,2.303771984127025,1.0046738581826844,2.4337344201888413,1.0046738581826844,2.4337344201888413,1.0026616590019444,2.448548568589501,1.002248839088054,2.4600363969128693,0.004132689673770767,1.423461921566527,6.729651226147679,low IRGA signalstrength
1228,2023-03-28_06-00-01.115000,2023-03-28_06-00-01.115000,-84.83819185134655,1.5549851829160002,-84.83819185134655,1.5549851829160002,480.44074718177296,0.0287228677360447,472.6530050747449,0.0133105530540182,7.787742107028066,0.0316571311648126,7.960661473898767,7.572810350497093,7.94165294613407,7.549530855382272,7.922840882599701,7.518514998310593,7.896159917127363,7.489736520323845,7.87450253242622,7.45675736453893,7.847010482897758,7.422351292917654,7.817953493629488,7.395037879022936,7.788961065896217,7.362212834640388,7.749428596427265,7.328855832974966,7.959687973758719,7.571914264868269,7.959687973758719,7.571914264868269,7.9679902990892515,7.5799012816924,7.949187589224039,7.562352863957642,0.06757055688508258,16.52871574315036,15.54881347430026,
1229,2023-03-28_09-00-00.665000,2023-03-28_09-00-00.665000,-22.36938020915336,1.424073691425,-22.36938020915336,1.424073691425,434.02288273356345,0.0158766557554025,431.5832240374358,0.0162046098424205,2.439658696127651,0.022686065725917,2.7003355851582,1.8285673697791367,2.7052945729465705,1.823022329887636,2.695273255542304,1.804912023400675,2.686052061398982,1.7866095433989813,2.6721560251829146,1.7749139814117711,2.658574989151361,1.761014463194556,2.6494276685066325,1.749997226791777,2.639110215280823,1.741653371805114,2.629457035436644,1.738259691249482,2.6955270388972394,1.823018703374487,2.699117706705806,1.8273368824538352,2.704052659487843,1.8315674790702587,2.7037720650504866,1.82963163758626,0.026535164018061802,4.204003945067102,3.825338616570494,
1233,2023-03-29_09-30-01.165000,2023-03-29_09-30-01.165000,,,,,437.0831064593973,0.0148369296617488,436.14333294086566,0.0455189444334071,0.9397735185316378,0.0478759729313074,,1.2060564534164089,,1.1858399460195983,,1.1440895223484515,,1.0991836302986826,,1.0610096442559325,,1.0203462059993171,,0.9851170142636648,,0.9394990240384118,,0.894594055851087,,1.2044562540866082,,1.2059448257757597,,1.1822465009702796,,1.1514292875799583,0.02680775928958404,,3.8400802848658326,Not analyzed for 14C (small DCO2)
1234,2023-03-29_11-00-01.565000,2023-03-29_11-00-01.565000,-17.78946310224727,1.420067756768,-17.78946310224727,1.420067756768,426.8056848970534,0.0248141493068316,426.05887392056366,0.022332227654778,0.746810976489769,0.0333836846056058,,0.6451061624851491,,0.640483856874198,,0.6296818328787026,,0.6194459879444594,,0.6122910705123559,,0.6040290687233778,,0.5974075776219934,,0.5877932424330083,,0.5789152283991257,,0.6449819865210884,,0.6449819865210884,,0.6373177109456378,,0.6389365841525319,0.014580851940449486,,2.5979210480123127,
1235,2023-03-29_12-30-01.465000,2023-03-29_12-30-01.465000,-19.504993142814065,1.592205138201,-19.504993142814065,1.592205138201,427.883045394152,0.0164619003401145,426.19825964441793,0.0359448937570841,1.6847857497340897,0.0395351685214054,,1.3931502262223605,,1.3851152707537722,,1.3610858664100078,,1.342638143464967,,1.3224660775159125,,1.3033409812882724,,1.2761351466407973,,1.252715974004559,,1.2311692338910234,,1.420835346741228,,1.4074607856686612,,1.403699594478951,,1.4098318501469862,0.03290663685695986,,3.17233699512463,
1236,2023-03-29_14-00-01.465000,2023-03-29_14-00-01.465000,,,,,418.83326578415,0.012290346022824,418.60368772783727,0.0367744199503697,0.2295780563127323,0.0387738387066189,,0.2825444883202408,,0.2798478363461072,,0.273178314825941,,0.2671908559203757,,0.2615627031812551,,0.2554811845155882,,0.2502190363456975,,0.2452694828685366,,0.2400282415629249,,0.2806183047997592,,0.2814755840827843,,0.2816465197296338,,0.2801914329832016,0.0014481537175961934,,0.4353000571256376,Not analyzed for 14C (small DCO2)
